<?xml version="1.0"?>
<doc>
    <assembly>
        <name>Trizetto.EdiServiceAdapter.Api</name>
    </assembly>
    <members>
        <member name="T:Trizetto.EdiServiceAdapter.Api.EdiProcessorAttribute">
            <summary>
            Tags a class as an EDI Processor implementation.  Used to dynamically
            locate the class and its capabilities using .Net Managed Extensibility
            Framework (MEF).
            </summary>
        </member>
        <member name="M:Trizetto.EdiServiceAdapter.Api.EdiProcessorAttribute.#ctor(System.String)">
            <summary>
            Creates a <see cref="T:Trizetto.EdiServiceAdapter.Api.EdiProcessorAttribute"/> for an EDI Processor implementation class.
            </summary>
            <param name="verRelIdCode">The relevant Version, Release, Industry Id Code.</param>
        </member>
        <member name="P:Trizetto.EdiServiceAdapter.Api.EdiProcessorAttribute.Name">
            <summary>
            Always an empty string.  Not used for IEdiProcessors implementations.
            </summary>
        </member>
        <member name="P:Trizetto.EdiServiceAdapter.Api.EdiProcessorAttribute.VerRelIdCode">
            <summary>
            Identifies the relevant Version, Release, Industry Id Code
            (e.g.: 005010X217).  Required for IEdiProcessor implementations.
            </summary>
        </member>
        <member name="T:Trizetto.EdiServiceAdapter.Api.EdiProcessorBase`1">
            <summary>
            Provides a base implementation of the <see cref="T:Trizetto.EdiServiceAdapter.Api.IEdiProcessor"/> interface.
            </summary>
            <typeparam name="T"></typeparam>
        </member>
        <member name="P:Trizetto.EdiServiceAdapter.Api.EdiProcessorBase`1.SupportsValidation">
            <summary>
            Indicates if this transaction is supported by Facets HIPAA Gateway's validation web service.
            Defaults to <c>true</c>.  Override to return <c>false</c> if FHG does not offer support.
            </summary>
        </member>
        <member name="M:Trizetto.EdiServiceAdapter.Api.EdiProcessorBase`1.ProcessEdiTransactionAsync(Trizetto.EdiServiceAdapter.Api.Models.IEdiContext,Trizetto.X12Parser.X12Message)">
            <summary>
            Core logic for custom EDI transaction processing, calling the abstract methods (in turn):
            CreateModel, ValidateModel, AugmentModelAsync and ProcessModelAsync.  If ValidateModel or
            AugmentModelAsync return <c>false</c>, the abstract HandleError method is called instead
            of ProcessModelAsync.
            </summary>
            <param name="context">The EDI context.</param>
            <param name="requestEdi">The incoming X12 Message to be processed.</param>
            <returns>The respnose EDI message along with any errors encountered.</returns>
        </member>
        <member name="M:Trizetto.EdiServiceAdapter.Api.EdiProcessorBase`1.CreateErrorResponse(Trizetto.EdiServiceAdapter.Api.Models.IEdiContext,Trizetto.X12Parser.Models.X12TransactionSet)">
            <summary>
            Error handling invoked if the response transaction from <see cref="M:Trizetto.EdiServiceAdapter.Api.EdiProcessorBase`1.ProcessEdiTransactionAsync(Trizetto.EdiServiceAdapter.Api.Models.IEdiContext,Trizetto.X12Parser.X12Message)"/> fails
            validation for any reason.  Often used to update the response transaction set, removing content and
            setting a generic error code appropriate to the transaction type.
            </summary>
            <param name="context">The EDI context.</param>
            <param name="responseTs">The response transaction set.</param>
        </member>
        <member name="P:Trizetto.EdiServiceAdapter.Api.EdiProcessorBase`1.ResponseEdiType">
            <summary>
            Returns the three-digit EDI transaction Type (ST01) of the response transaction set.
            </summary>
        </member>
        <member name="M:Trizetto.EdiServiceAdapter.Api.EdiProcessorBase`1.BhtTransform(Trizetto.X12Parser.Models.X12Segment,System.DateTime)">
            <summary>
            Creates the initial outbound BHT segment for the response transaction set.  It can
            be modified during transaction processing.
            </summary>
            <remarks>
            Must be overriden for transactions that use a BHT segment.
            </remarks>
            <param name="bht">The inbound BHT segment.</param>
            <param name="now">The timestamp used for the outbound ISA and GS segments.</param>
            <returns>The BHT segment appropriate for the response transaction.</returns>
        </member>
        <member name="M:Trizetto.EdiServiceAdapter.Api.EdiProcessorBase`1.CreateModel(Trizetto.EdiServiceAdapter.Api.Models.IEdiContext,Trizetto.X12Parser.Models.X12TransactionSet)">
            <summary>
            Creates a model of relevant data from the inbound transaction set.
            </summary>
            <param name="context">The EDI context.</param>
            <param name="requestTs">The inbound transaction set.</param>
            <returns>A model representing relevant data from the inbound transaction set.</returns>
        </member>
        <member name="M:Trizetto.EdiServiceAdapter.Api.EdiProcessorBase`1.ValidateModel(Trizetto.EdiServiceAdapter.Api.Models.IEdiContext,`0,Trizetto.X12Parser.Models.X12TransactionSet)">
            <summary>
            Performs basic validation of the model.  If an error is encountered, this method should 
            insert the appropriate error segment into the response transaction set and return <c>false</c>,
            which stops further processing of the transaction.  Return <c>true</c> if no errors are found.
            </summary>
            <param name="context">The EDI context.</param>
            <param name="model">The model representing the inbound transaction.</param>
            <param name="responseTs">The outbound response transaction set.</param>
            <returns><c>True</c> if the model is valid; otherwise <c>false</c>.</returns>
        </member>
        <member name="M:Trizetto.EdiServiceAdapter.Api.EdiProcessorBase`1.AugmentModelAsync(Trizetto.EdiServiceAdapter.Api.Models.IEdiContext,`0,Trizetto.X12Parser.Models.X12TransactionSet)">
            <summary>
            Augments the validated model with related data retrieved from Facets or other sources, such as
            looking up a member's MEME_CK based on the EDI MemberID.  If an error is encountered, this method
            should insert the appropriate error segment into the response transaction set and return <c>false</c>,
            which stops further processing of the transaction; otherwise, return <c>true</c>.
            </summary>
            <param name="context">The EDI context.</param>
            <param name="model">The model representing the inbound transaction.</param>
            <param name="responseTs">The outbound response transaction set.</param>
            <returns><c>True</c> if the model is augmented successfully; otherwise <c>false</c>.</returns>
        </member>
        <member name="M:Trizetto.EdiServiceAdapter.Api.EdiProcessorBase`1.ProcessModelAsync(Trizetto.EdiServiceAdapter.Api.Models.IEdiContext,`0,Trizetto.X12Parser.Models.X12TransactionSet)">
            <summary>
            Processes the validated and augmented model
            </summary>
            <param name="context">The EDI context.</param>
            <param name="model">The model representing the inbound transaction.</param>
            <param name="responseTs">The outbound response transaction set.</param>
            <returns></returns>
        </member>
        <member name="M:Trizetto.EdiServiceAdapter.Api.EdiProcessorBase`1.HandleError(Trizetto.EdiServiceAdapter.Api.Models.IEdiContext,Trizetto.X12Parser.Models.X12TransactionSet)">
            <summary>
            Handles errors if <see cref="M:Trizetto.EdiServiceAdapter.Api.EdiProcessorBase`1.ValidateModel(Trizetto.EdiServiceAdapter.Api.Models.IEdiContext,`0,Trizetto.X12Parser.Models.X12TransactionSet)"/> or <see cref="M:Trizetto.EdiServiceAdapter.Api.EdiProcessorBase`1.AugmentModelAsync(Trizetto.EdiServiceAdapter.Api.Models.IEdiContext,`0,Trizetto.X12Parser.Models.X12TransactionSet)"/> return <c>false</c>.
            A default implementation that does nothing is provided.  Override if any logic is needed.
            </summary>
            <param name="context">The EDI context.</param>
            <param name="responseTs">The outbound response transaction set.</param>
        </member>
        <member name="T:Trizetto.EdiServiceAdapter.Api.IEdiProcessor">
            <summary>
            Defines the API for an EDI Processor implementation.  
            </summary>
            <remarks>
            Implementations must be thread-safe as only one instance is created to process all applicable transactions.
            
            Consider using <see cref="T:Trizetto.EdiServiceAdapter.Api.EdiProcessorBase`1"/> instead of directly implementing this interface.
            </remarks>
        </member>
        <member name="P:Trizetto.EdiServiceAdapter.Api.IEdiProcessor.SupportsValidation">
            <summary>
            Return <c>true</c> if this transaction is supported by the Facets HIPAA Gateway validation web service;
            otherwise, return <c>false</c>.
            </summary>
        </member>
        <member name="M:Trizetto.EdiServiceAdapter.Api.IEdiProcessor.ProcessEdiTransactionAsync(Trizetto.EdiServiceAdapter.Api.Models.IEdiContext,Trizetto.X12Parser.X12Message)">
            <summary>
            Transaction Set processing logic.
            </summary>
            <param name="context">The EDI context.</param>
            <param name="requestEdi">The incoming X12 Message to be processed.</param>
            <returns></returns>
        </member>
        <member name="M:Trizetto.EdiServiceAdapter.Api.IEdiProcessor.CreateErrorResponse(Trizetto.EdiServiceAdapter.Api.Models.IEdiContext,Trizetto.X12Parser.Models.X12TransactionSet)">
            <summary>
            Error handling invoked if the response transaction from <see cref="M:Trizetto.EdiServiceAdapter.Api.IEdiProcessor.ProcessEdiTransactionAsync(Trizetto.EdiServiceAdapter.Api.Models.IEdiContext,Trizetto.X12Parser.X12Message)"/> fails
            validation for any reason.  Often used to update the response transaction set, removing content and
            setting a generic error code appropriate to the transaction type.
            </summary>
            <param name="context">The EDI context.</param>
            <param name="responseTs">The response transaction set.</param>
        </member>
        <member name="T:Trizetto.EdiServiceAdapter.Api.IValidator">
            <summary>
            Edi Validator Interface, allowing the request EDI message to be validated before
            it is processed.
            </summary>
        </member>
        <member name="M:Trizetto.EdiServiceAdapter.Api.IValidator.ValidateRequest(Trizetto.EdiServiceAdapter.Api.Models.IEdiContext,Trizetto.X12Parser.Models.X12TransactionSet)">
            <summary>
            Enables additional validation of the request EDI message prior to EDI processing.
            </summary>
            <remarks>
            Be sure to return <c>True</c> if the request EDI message is valid, otherwise false.
            </remarks>
            <param name="context">The EDI context.</param>
            <param name="requestTs">The request transaction set.</param>
            <returns><c>True</c> if the request EDI message is valid, otherwise <c>False</c>.</returns>
        </member>
        <member name="T:Trizetto.EdiServiceAdapter.Api.Mocks.MockEdiContext">
            <summary>
            Mock IEdiContext implementation.  Intended only for automated Unit Testing.
            </summary>
        </member>
        <member name="M:Trizetto.EdiServiceAdapter.Api.Mocks.MockEdiContext.#ctor(Trizetto.EdiServiceAdapter.Api.Models.IEdiRequest,Trizetto.Broker.IFacetsBroker,System.Diagnostics.SourceLevels)">
            <summary>
            Creates a <see cref="T:Trizetto.EdiServiceAdapter.Api.Mocks.MockEdiContext"/>.
            </summary>
            <param name="request"></param>
            <param name="facetsBroker"></param>
            <param name="levels"></param>
        </member>
        <member name="M:Trizetto.EdiServiceAdapter.Api.Mocks.MockEdiContext.GetLog">
            <summary>
            Retrieves all messages logged to Trace.
            </summary>
            <returns>The trace log contents.</returns>
        </member>
        <member name="P:Trizetto.EdiServiceAdapter.Api.Mocks.MockEdiContext.Trace">
            <summary>
            A TraceSource for logging diagnostic messages.
            </summary>
        </member>
        <member name="P:Trizetto.EdiServiceAdapter.Api.Mocks.MockEdiContext.Request">
            <summary>
            The incoming EDI Request.
            </summary>
        </member>
        <member name="P:Trizetto.EdiServiceAdapter.Api.Mocks.MockEdiContext.FacetsBroker">
            <summary>
            The Facets broker for data access.
            </summary>
        </member>
        <member name="P:Trizetto.EdiServiceAdapter.Api.Mocks.MockEdiContext.Items">
            <summary>
            A key/value collection that can be used to share data within the scope of this request.
            </summary>
        </member>
        <member name="P:Trizetto.EdiServiceAdapter.Api.Mocks.MockEdiContext.ProcessingMessages">
            <summary>
            Processing Messages
            </summary>
        </member>
        <member name="M:Trizetto.EdiServiceAdapter.Api.Mocks.MockEdiContext.AddProcessingMessage(System.Object)">
            <summary>
            Adds a processing message that will appear in the response SOAP header.
            </summary>
            <param name="msg">The message model.</param>
        </member>
        <member name="M:Trizetto.EdiServiceAdapter.Api.Mocks.MockEdiContext.ClearProcessingMessages">
            <summary>
            Clears all processing messages.
            </summary>
        </member>
        <member name="P:Trizetto.EdiServiceAdapter.Api.Mocks.MockEdiContext.SoapHeaders">
            <summary>
            SOAP Headers
            </summary>
        </member>
        <member name="M:Trizetto.EdiServiceAdapter.Api.Mocks.MockEdiContext.AddSoapHeader(Trizetto.DotNetExtensions.Wcf.CustomMessageHeader)">
            <summary>
            Adds a custom SOAP Header for the response message.
            </summary>
            <param name="header">The custom message header.</param>
        </member>
        <member name="M:Trizetto.EdiServiceAdapter.Api.Mocks.MockEdiContext.ClearSoapHeaders">
            <summary>
            Clears all SOAP Headers.
            </summary>
        </member>
        <member name="T:Trizetto.EdiServiceAdapter.Api.Mocks.MockEdiRequest">
            <summary>
            Mock IEdiRequest implementation.  Intended only for automated Unit Testing.
            </summary>
        </member>
        <member name="M:Trizetto.EdiServiceAdapter.Api.Mocks.MockEdiRequest.#ctor(System.String,Trizetto.EdiServiceAdapter.Api.Models.IREC_EDI_IN)">
            <summary>
            Creates a <see cref="T:Trizetto.EdiServiceAdapter.Api.Mocks.MockEdiRequest"/> from x12-formatted text.
            </summary>
            <param name="ediText">X12-formatted EDI request.</param>
            <param name="recEdiIn"></param>
        </member>
        <member name="M:Trizetto.EdiServiceAdapter.Api.Mocks.MockEdiRequest.#ctor(Trizetto.X12Parser.X12Message,Trizetto.EdiServiceAdapter.Api.Models.IREC_EDI_IN)">
            <summary>
            Creates a <see cref="T:Trizetto.EdiServiceAdapter.Api.Mocks.MockEdiRequest"/> from an X12Message.
            </summary>
            <param name="ediMessage"></param>
            <param name="recEdiIn"></param>
        </member>
        <member name="P:Trizetto.EdiServiceAdapter.Api.Mocks.MockEdiRequest.OriginalEdiText">
            <inheritdoc/>
        </member>
        <member name="P:Trizetto.EdiServiceAdapter.Api.Mocks.MockEdiRequest.EdiMessage">
            <inheritdoc/>
        </member>
        <member name="P:Trizetto.EdiServiceAdapter.Api.Mocks.MockEdiRequest.RecEdiIn">
            <inheritdoc/>
        </member>
        <member name="T:Trizetto.EdiServiceAdapter.Api.Mocks.MockRecEdiIn">
            <inheritdoc/>
        </member>
        <member name="P:Trizetto.EdiServiceAdapter.Api.Mocks.MockRecEdiIn.EXSY_ID_DEST">
            <inheritdoc/>
        </member>
        <member name="P:Trizetto.EdiServiceAdapter.Api.Mocks.MockRecEdiIn.EXSY_ID_SOURCE">
            <inheritdoc/>
        </member>
        <member name="P:Trizetto.EdiServiceAdapter.Api.Mocks.MockRecEdiIn.PMOV_ID">
            <inheritdoc/>
        </member>
        <member name="P:Trizetto.EdiServiceAdapter.Api.Mocks.MockRecEdiIn.X12">
            <inheritdoc/>
        </member>
        <member name="T:Trizetto.EdiServiceAdapter.Api.Models.IEdiContext">
            <summary>
            The EDI Context for this transaction.
            </summary>
        </member>
        <member name="P:Trizetto.EdiServiceAdapter.Api.Models.IEdiContext.Trace">
            <summary>
            A TraceSource for logging diagnostic messages.
            </summary>
        </member>
        <member name="P:Trizetto.EdiServiceAdapter.Api.Models.IEdiContext.Request">
            <summary>
            The incoming EDI Request.
            </summary>
        </member>
        <member name="P:Trizetto.EdiServiceAdapter.Api.Models.IEdiContext.FacetsBroker">
            <summary>
            The Facets broker for data access.
            </summary>
        </member>
        <member name="P:Trizetto.EdiServiceAdapter.Api.Models.IEdiContext.Items">
            <summary>
            A key/value collection that can be used to share data within the scope of this request.
            </summary>
        </member>
        <member name="P:Trizetto.EdiServiceAdapter.Api.Models.IEdiContext.ProcessingMessages">
            <summary>
            Processing messages
            </summary>
        </member>
        <member name="M:Trizetto.EdiServiceAdapter.Api.Models.IEdiContext.AddProcessingMessage(System.Object)">
            <summary>
            Adds a processing message that will appear in the response SOAP header.
            </summary>
            <param name="msg">The message model.</param>
        </member>
        <member name="M:Trizetto.EdiServiceAdapter.Api.Models.IEdiContext.ClearProcessingMessages">
            <summary>
            Clears all processing messages.
            </summary>
        </member>
        <member name="P:Trizetto.EdiServiceAdapter.Api.Models.IEdiContext.SoapHeaders">
            <summary>
            Custom SOAP headers
            </summary>
        </member>
        <member name="M:Trizetto.EdiServiceAdapter.Api.Models.IEdiContext.AddSoapHeader(Trizetto.DotNetExtensions.Wcf.CustomMessageHeader)">
            <summary>
            Adds a custom SOAP header for the response message.
            </summary>
            <param name="header">The custom message header.</param>
        </member>
        <member name="M:Trizetto.EdiServiceAdapter.Api.Models.IEdiContext.ClearSoapHeaders">
            <summary>
            Clears all SOAP headers.
            </summary>
        </member>
        <member name="T:Trizetto.EdiServiceAdapter.Api.Models.IREC_EDI_IN">
            <remarks/>
        </member>
        <member name="P:Trizetto.EdiServiceAdapter.Api.Models.IREC_EDI_IN.EXSY_ID_DEST">
            <remarks/>
        </member>
        <member name="P:Trizetto.EdiServiceAdapter.Api.Models.IREC_EDI_IN.EXSY_ID_SOURCE">
            <remarks/>
        </member>
        <member name="P:Trizetto.EdiServiceAdapter.Api.Models.IREC_EDI_IN.PMOV_ID">
            <remarks/>
        </member>
        <member name="P:Trizetto.EdiServiceAdapter.Api.Models.IREC_EDI_IN.X12">
            <remarks/>
        </member>
        <member name="T:Trizetto.EdiServiceAdapter.Api.Models.ProcessEdiResponse">
            <summary>
            Models the intermediate EDI response from a custom EDI Processor.
            </summary>
        </member>
        <member name="M:Trizetto.EdiServiceAdapter.Api.Models.ProcessEdiResponse.#ctor(Trizetto.X12Parser.Models.X12TransactionSet,System.Collections.Generic.IReadOnlyList{Trizetto.Broker.AppError})">
            <summary>
            Creates a <see cref="T:Trizetto.EdiServiceAdapter.Api.Models.ProcessEdiResponse"/> instance a response transaction set, with
            optional application errors.
            </summary>
            <param name="responseTs">The response transaction set.</param>
            <param name="appErrors">Optional application errors.</param>
        </member>
        <member name="M:Trizetto.EdiServiceAdapter.Api.Models.ProcessEdiResponse.#ctor(Trizetto.X12Parser.X12Message,System.Collections.Generic.IReadOnlyList{Trizetto.Broker.AppError})">
            <summary>
            Create a <see cref="T:Trizetto.EdiServiceAdapter.Api.Models.ProcessEdiResponse"/> instance from a parsed EDI response, with
            optional application errors.
            </summary>
            <param name="x12Response">The response EDI message.</param>
            <param name="appErrors">Optional application errors.</param>
        </member>
        <member name="P:Trizetto.EdiServiceAdapter.Api.Models.ProcessEdiResponse.AppErrors">
            <summary>
            Application errors encountered during processing.
            </summary>
        </member>
        <member name="P:Trizetto.EdiServiceAdapter.Api.Models.ProcessEdiResponse.X12Response">
            <summary>
            The response EDI message.
            </summary>
        </member>
        <member name="T:Trizetto.EdiServiceAdapter.Api.Models.IProcessorMetaData">
            <summary>
            MEF Metadata model to assign a Name and VerRelIdCode to
            an EdiServiceAdapter extension class.
            </summary>
        </member>
        <member name="P:Trizetto.EdiServiceAdapter.Api.Models.IProcessorMetaData.Name">
            <summary>
            Identifies a pre- or post-processor class.
            </summary>
        </member>
        <member name="P:Trizetto.EdiServiceAdapter.Api.Models.IProcessorMetaData.VerRelIdCode">
            <summary>
            Identifies the relevant Version, Release, Industry Id Code
            (e.g.: 005010X217).  Required for IEdiProcessor implementations,
            optional for pre- and post-processors.
            </summary>
        </member>
        <member name="T:Trizetto.EdiServiceAdapter.Api.Models.IEdiRequest">
            <summary>
            A model representing the inbound EDI request.
            </summary>
        </member>
        <member name="P:Trizetto.EdiServiceAdapter.Api.Models.IEdiRequest.OriginalEdiText">
            <summary>
            The X12-formated text of the original request EDI transaction,
            untouched by any custom extension code (such as preprocessors).
            </summary>
        </member>
        <member name="P:Trizetto.EdiServiceAdapter.Api.Models.IEdiRequest.EdiMessage">
            <summary>
            The parsed incoming request EDI.
            </summary>
        </member>
        <member name="P:Trizetto.EdiServiceAdapter.Api.Models.IEdiRequest.RecEdiIn">
            <summary>
            The REC_EDI_IN data from the SOAP request.
            </summary>
        </member>
        <member name="T:Trizetto.EdiServiceAdapter.Api.IPostprocessor">
            <summary>
            Edi Postprocessor Interface, allowing the response EDI message to be modified and/or
            additional data to be returned via the SOAP message header.
            </summary>
        </member>
        <member name="M:Trizetto.EdiServiceAdapter.Api.IPostprocessor.PostprocessResponseAsync(Trizetto.EdiServiceAdapter.Api.Models.IEdiContext,Trizetto.X12Parser.Models.X12TransactionSet)">
            <summary>
            Enables arbitrary modification of the response EDI message and/or adding
            data to the response via a custom SOAP Message Header.
            </summary>
            <remarks>
            Be sure to return <c>True</c> if the response EDI message is modified, otherwise changes are ignored.
            </remarks>
            <param name="context">The EDI context.</param>
            <param name="responseTs">The response transaction set.</param>
            <returns><c>True</c> if the EDI response is modified; otherwise <c>False</c>.</returns>
        </member>
        <member name="M:Trizetto.EdiServiceAdapter.Api.IPostprocessor.CreateErrorResponse(Trizetto.EdiServiceAdapter.Api.Models.IEdiContext,Trizetto.X12Parser.Models.X12TransactionSet)">
            <summary>
            Error handler called if the response EDI returned by <see cref="M:Trizetto.EdiServiceAdapter.Api.IPostprocessor.PostprocessResponseAsync(Trizetto.EdiServiceAdapter.Api.Models.IEdiContext,Trizetto.X12Parser.Models.X12TransactionSet)"/> 
            fails HIPAA compliance validation.  Typically used to provide a proper error response.
            </summary>
            <param name="context">The EDI context.</param>
            <param name="responseTs">The response transaction set.</param>
        </member>
        <member name="T:Trizetto.EdiServiceAdapter.Api.PostprocessorAttribute">
            <summary>
            Tags a class as an Postprocessor implementation.  Used to dynamically
            locate the class and its capabilities using .Net Managed Extensibility
            Framework (MEF).
            </summary>
        </member>
        <member name="M:Trizetto.EdiServiceAdapter.Api.PostprocessorAttribute.#ctor(System.String,System.String)">
            <summary>
            Creates a <see cref="T:Trizetto.EdiServiceAdapter.Api.PostprocessorAttribute"/> for a Postprocessor implementation class.
            </summary>
            <param name="name">The unique name assigned to this postprocessor.</param>
            <param name="verRelIdCode">The relevant Version, Release, Industry Id Code.</param>
        </member>
        <member name="P:Trizetto.EdiServiceAdapter.Api.PostprocessorAttribute.Name">
            <summary>
            The unique name assigned to this Postprocessor.
            </summary>
        </member>
        <member name="P:Trizetto.EdiServiceAdapter.Api.PostprocessorAttribute.VerRelIdCode">
            <summary>
            Identifies the relevant Version, Release, Industry Id Code
            (e.g.: 005010X217).  Optional for Postprocessors. Use when
            the Postprocessor is designed for a specific VerRelIdCode.
            </summary>
        </member>
        <member name="T:Trizetto.EdiServiceAdapter.Api.IPreprocessor">
            <summary>
            Edi Preprocessor Interface, allowing the request EDI message to be modified before
            it is processed.
            </summary>
        </member>
        <member name="M:Trizetto.EdiServiceAdapter.Api.IPreprocessor.PreprocessRequestAsync(Trizetto.EdiServiceAdapter.Api.Models.IEdiContext,Trizetto.X12Parser.Models.X12TransactionSet)">
            <summary>
            Enables arbitrary modification of the request EDI message prior to EDI processing.
            </summary>
            <remarks>
            Be sure to return <c>True</c> if the request EDI message is modified, otherwise changes are ignored.
            </remarks>
            <param name="context">The EDI context.</param>
            <param name="requestTs">The request transaction set.</param>
            <returns><c>True</c> if the request EDI message has been modified, otherwise <c>False</c>.</returns>
        </member>
        <member name="T:Trizetto.EdiServiceAdapter.Api.PreprocessorAttribute">
            <summary>
            Tags a class as an Preprocessor implementation.  Used to dynamically
            locate the class and its capabilities using .Net Managed Extensibility
            Framework (MEF).
            </summary>
        </member>
        <member name="M:Trizetto.EdiServiceAdapter.Api.PreprocessorAttribute.#ctor(System.String,System.String)">
            <summary>
            Creates a <see cref="T:Trizetto.EdiServiceAdapter.Api.PreprocessorAttribute"/> for a Preprocessor implementation class.
            </summary>
            <param name="name">The unique name assigned to this postprocessor.</param>
            <param name="verRelIdCode">The relevant Version, Release, Industry Id Code.</param>
        </member>
        <member name="P:Trizetto.EdiServiceAdapter.Api.PreprocessorAttribute.Name">
            <summary>
            The unique name assigned to this Preprocessor.
            </summary>
        </member>
        <member name="P:Trizetto.EdiServiceAdapter.Api.PreprocessorAttribute.VerRelIdCode">
            <summary>
            Identifies the relevant Version, Release, Industry Id Code
            (e.g.: 005010X217).  Optional for Preprocessors. Use when
            the Preprocessor is designed for a specific VerRelIdCode.
            </summary>
        </member>
        <member name="T:Trizetto.EdiServiceAdapter.Api.ValidatorAttribute">
            <summary>
            Tags a class as an X12 IValidator implementation.  Used to dynamically
            locate the class and its capabilities using .Net Managed Extensibility
            Framework (MEF).
            </summary>
        </member>
        <member name="M:Trizetto.EdiServiceAdapter.Api.ValidatorAttribute.#ctor(System.String,System.String)">
            <summary>
            Creates a <see cref="T:Trizetto.EdiServiceAdapter.Api.ValidatorAttribute"/> for an X12 IValidator implementation class.
            </summary>
            <param name="name">The unique name assigned to this postprocessor.</param>
            <param name="verRelIdCode">The relevant Version, Release, Industry Id Code.</param>
        </member>
        <member name="P:Trizetto.EdiServiceAdapter.Api.ValidatorAttribute.Name">
            <summary>
            The unique name assigned to this IValidator.
            </summary>
        </member>
        <member name="P:Trizetto.EdiServiceAdapter.Api.ValidatorAttribute.VerRelIdCode">
            <summary>
            Identifies the relevant Version, Release, Industry Id Code
            (e.g.: 005010X217).  Optional for Validator. Use when
            the Validator is designed for a specific VerRelIdCode.
            </summary>
        </member>
    </members>
</doc>
